,Transported
0,False
1,True
2,False
3,False
4,True
5,True
6,True
8,True
9,True
11,True
12,True
13,False
14,True
17,False
18,True
19,True
20,False
21,False
22,False
24,True
26,False
27,False
29,False
30,False
31,False
32,False
33,True
34,True
36,True
37,False
39,False
41,True
42,False
43,False
44,True
45,True
46,False
49,False
51,True
52,True
53,True
54,True
55,False
56,False
57,False
58,True
60,False
61,True
62,True
63,False
65,True
66,False
67,False
68,False
69,False
70,True
71,True
72,True
73,False
74,False
75,False
76,True
77,True
78,True
79,True
80,False
81,True
82,True
84,False
85,False
87,True
88,False
89,False
90,True
91,False
94,False
96,True
97,False
99,False
100,False
101,False
105,True
106,True
107,True
108,True
109,True
110,False
112,True
114,True
116,False
117,False
118,True
119,False
120,False
121,False
123,True
124,False
125,True
126,False
127,True
129,True
130,True
131,False
133,True
134,False
135,True
136,False
138,False
140,False
141,True
142,True
144,False
146,True
147,False
148,False
149,False
150,True
151,True
153,False
154,False
155,False
156,True
157,False
158,True
159,False
160,True
161,True
162,False
163,True
164,False
165,False
166,True
167,False
168,False
169,True
171,True
172,True
173,False
174,False
176,False
177,True
178,True
179,True
180,True
182,True
183,False
185,False
187,True
188,True
189,False
190,False
191,False
192,False
193,False
194,False
195,True
196,True
197,True
198,False
200,False
201,False
202,True
203,False
204,False
205,False
206,True
207,False
208,False
209,False
210,False
211,True
212,True
213,False
214,False
215,True
216,False
217,False
219,False
221,True
223,True
226,False
229,True
230,False
231,False
232,False
235,False
236,False
237,True
238,True
240,True
241,False
242,False
243,False
244,True
246,False
247,True
248,False
250,True
252,False
253,True
254,True
255,True
256,True
257,True
258,True
259,False
261,False
262,False
263,True
264,True
265,True
267,True
268,True
270,True
271,True
273,False
275,False
276,False
277,False
278,True
279,False
281,True
283,True
284,True
285,False
292,False
293,False
294,False
296,True
297,True
298,False
299,False
300,True
301,False
302,False
303,True
304,True
305,True
307,True
308,False
309,False
310,False
311,True
312,False
313,True
315,True
316,False
318,True
320,True
321,True
322,False
323,False
324,True
326,False
327,True
328,True
329,False
330,True
331,False
332,False
333,False
334,True
335,False
336,False
337,True
338,False
339,True
340,True
341,False
342,True
343,True
345,True
348,False
349,False
350,True
351,True
352,False
353,False
354,False
355,False
356,True
357,False
358,False
359,False
360,True
361,True
362,False
363,False
364,False
366,True
369,False
370,False
371,False
372,False
373,False
374,False
375,True
376,False
377,False
378,True
379,False
380,True
382,False
383,True
384,True
386,True
387,True
388,True
389,True
390,True
391,False
393,False
394,True
395,True
396,True
397,False
398,False
399,False
402,False
403,False
404,False
406,False
408,True
409,True
410,False
411,True
412,True
413,True
414,True
416,True
418,True
419,True
420,False
421,True
422,False
423,False
424,True
425,False
426,True
427,True
428,True
429,True
432,False
433,False
435,False
439,False
440,True
441,False
442,True
443,False
445,True
446,True
447,False
449,True
450,False
451,False
452,False
455,True
458,True
459,False
460,True
463,True
464,False
465,False
466,True
467,True
469,False
471,True
472,True
473,True
474,True
475,True
476,True
477,True
478,False
484,False
485,True
488,True
489,False
490,False
491,False
493,False
494,False
495,False
496,False
497,True
499,True
501,True
502,False
503,True
505,False
506,False
507,False
508,False
509,True
510,True
511,True
512,True
513,False
514,True
515,True
516,True
517,True
518,False
519,True
520,False
521,False
522,True
524,False
525,False
526,True
527,True
529,False
530,True
531,True
534,True
535,True
536,True
537,False
538,True
540,True
541,False
542,True
543,False
545,True
547,False
548,True
550,True
551,False
552,True
553,True
554,True
555,True
556,True
557,True
558,False
559,True
560,False
561,False
562,False
563,False
564,False
566,False
570,False
572,True
574,False
575,True
576,True
577,True
578,False
579,True
580,False
584,True
587,True
588,True
590,False
591,True
592,True
593,True
594,False
596,True
597,True
598,True
599,False
600,True
601,True
602,False
603,False
604,True
605,False
606,False
607,False
608,False
609,True
611,False
612,True
613,True
614,False
615,True
616,True
617,True
619,True
620,True
621,True
622,False
623,True
625,True
626,False
627,True
628,False
630,True
631,False
632,False
633,True
634,False
636,False
637,False
638,False
639,True
640,False
641,False
642,False
643,False
645,False
646,False
648,True
649,False
651,True
652,True
653,False
654,True
656,False
657,False
658,True
659,True
660,False
661,False
662,True
664,False
665,True
666,True
668,False
669,True
670,False
671,True
672,True
673,True
675,True
678,False
681,False
682,True
683,False
685,False
686,False
687,True
688,True
690,False
691,False
692,False
693,False
694,True
695,True
696,True
698,False
699,False
700,False
703,False
704,True
705,False
706,True
707,False
708,False
710,False
713,True
714,False
716,False
718,False
720,True
722,False
724,True
725,False
728,False
729,True
730,True
731,False
732,False
733,True
735,True
736,False
737,True
738,False
740,False
741,True
742,True
743,False
744,True
746,False
747,False
748,False
749,True
751,False
752,False
754,True
755,False
756,True
757,False
758,True
760,True
761,True
762,False
763,True
764,False
767,False
768,True
769,False
770,True
771,True
772,True
774,False
775,False
776,True
778,True
779,False
780,True
781,True
783,False
784,True
786,False
788,True
789,True
791,False
792,False
793,False
794,False
796,False
797,False
798,True
799,True
800,True
801,True
802,True
803,False
805,True
806,False
807,False
808,False
809,False
811,True
813,True
814,False
816,True
818,False
819,False
820,False
821,True
822,False
824,False
825,False
826,False
827,True
828,False
831,True
833,True
834,False
835,True
836,True
838,False
839,False
841,False
843,True
846,True
848,False
849,False
850,False
851,False
853,False
855,True
856,False
857,False
858,True
860,True
861,False
863,True
864,False
865,True
868,True
869,False
870,False
871,False
872,True
873,True
875,True
876,False
877,False
878,False
879,False
880,True
881,False
882,True
883,True
884,False
887,True
888,True
890,True
892,True
893,False
894,False
895,False
896,True
897,True
898,False
899,False
900,True
901,False
904,True
906,True
907,False
908,False
909,False
910,True
911,False
912,True
914,True
916,False
918,True
919,False
920,False
922,True
923,False
924,True
926,True
927,False
928,False
929,False
930,False
931,True
932,False
933,True
935,False
936,True
937,False
938,True
940,False
941,False
942,True
944,True
945,True
947,False
948,True
949,False
950,True
952,False
953,True
955,True
957,False
958,True
960,False
961,False
963,True
964,False
966,True
967,True
968,False
969,False
970,False
971,True
972,False
973,True
975,False
976,True
978,False
979,False
980,False
982,True
983,True
984,True
985,True
988,False
989,True
991,True
992,True
993,False
995,False
999,True
1000,False
1002,True
1003,True
1004,False
1006,False
1009,False
1010,True
1011,True
1012,True
1013,False
1015,True
1017,False
1019,True
1020,False
1022,False
1023,True
1024,True
1028,True
1029,False
1030,False
1032,False
1033,False
1035,False
1036,False
1037,True
1038,False
1039,True
1040,True
1041,True
1042,False
1043,False
1044,True
1045,True
1047,True
1048,False
1050,False
1051,True
1052,False
1056,True
1058,True
1059,True
1060,True
1061,True
1062,True
1063,True
1064,True
1065,False
1068,True
1071,False
1075,False
1076,True
1077,False
1078,False
1079,False
1080,False
1082,False
1083,True
1085,True
1086,True
1087,False
1088,True
1089,False
1090,True
1091,True
1092,False
1093,True
1094,True
1095,False
1096,False
1097,True
1098,True
1099,False
1101,False
1103,False
1106,True
1107,True
1108,False
1109,True
1111,True
1112,True
1115,True
1117,False
1118,True
1119,False
1120,False
1121,False
1122,False
1123,False
1124,True
1125,False
1126,False
1127,True
1128,True
1129,True
1130,False
1132,False
1133,False
1134,False
1137,False
1138,False
1139,False
1140,True
1141,False
1142,True
1143,False
1145,False
1147,True
1148,True
1149,True
1150,False
1151,False
1152,False
1153,False
1154,False
1155,True
1156,True
1158,True
1159,True
1160,False
1161,False
1162,True
1163,False
1164,True
1165,True
1166,True
1167,False
1168,True
1169,True
1170,True
1171,True
1172,True
1173,False
1174,False
1175,False
1177,False
1178,False
1179,False
1181,True
1182,False
1183,False
1184,False
1185,True
1186,False
1187,False
1188,False
1190,False
1191,False
1192,False
1193,False
1194,False
1195,True
1196,True
1197,False
1201,False
1202,True
1203,True
1205,False
1206,False
1208,False
1209,False
1210,True
1212,True
1213,True
1216,True
1217,False
1218,True
1219,True
1220,False
1222,True
1223,False
1224,True
1225,True
1226,True
1227,False
1229,False
1230,False
1231,True
1232,True
1233,False
1235,False
1236,False
1237,True
1238,True
1240,False
1241,True
1242,True
1243,False
1244,False
1245,True
1246,True
1247,False
1248,True
1250,False
1251,False
1252,False
1253,True
1254,True
1255,False
1256,False
1257,False
1258,True
1260,False
1261,False
1262,False
1264,False
1266,True
1267,False
1268,False
1269,False
1270,False
1271,False
1272,True
1273,False
1275,True
1276,True
1277,False
1278,True
1279,True
1280,False
1281,False
1282,True
1284,False
1285,False
1287,False
1288,False
1289,False
1290,True
1292,True
1293,False
1294,False
1295,True
1297,True
1298,False
1299,False
1300,True
1301,True
1304,True
1305,False
1306,True
1308,True
1309,False
1311,False
1312,False
1313,True
1314,False
1315,True
1316,False
1317,True
1319,True
1322,False
1324,False
1325,False
1326,True
1327,False
1328,False
1330,False
1331,False
1333,False
1334,False
1335,False
1338,False
1339,True
1340,True
1341,True
1342,True
1343,False
1344,True
1345,True
1346,True
1347,False
1348,True
1349,True
1350,True
1352,False
1353,False
1354,False
1355,True
1356,False
1359,False
1361,False
1362,False
1364,False
1365,True
1366,True
1367,True
1368,True
1369,False
1370,True
1371,False
1372,False
1373,True
1374,False
1376,False
1377,False
1378,True
1380,True
1381,False
1382,True
1383,True
1384,True
1385,True
1386,False
1387,False
1390,True
1392,True
1393,False
1394,False
1397,False
1399,True
1400,False
1402,True
1404,False
1406,True
1407,False
1408,True
1409,False
1411,False
1412,False
1413,False
1414,True
1416,False
1417,True
1418,True
1419,False
1420,False
1421,False
1423,True
1424,False
1425,False
1428,False
1430,True
1431,False
1432,False
1433,False
1434,True
1435,True
1437,True
1438,True
1439,True
1441,True
1442,True
1443,True
1444,True
1445,True
1446,False
1447,False
1448,False
1449,True
1451,False
1452,True
1453,False
1454,True
1455,False
1456,True
1457,False
1459,False
1461,True
1462,False
1464,True
1465,False
1466,False
1467,False
1468,False
1469,False
1470,False
1471,False
1472,False
1473,True
1476,True
1478,False
1479,False
1480,False
1482,False
1483,True
1484,False
1485,False
1486,True
1488,False
1490,True
1491,True
1492,True
1493,True
1494,False
1495,True
1496,True
1497,False
1500,True
1503,True
1504,False
1505,False
1506,False
1507,True
1508,True
1509,False
1510,True
1511,False
1512,True
1513,True
1514,True
1516,False
1517,False
1519,True
1520,False
1521,True
1522,True
1523,False
1524,True
1526,True
1528,True
1529,False
1531,True
1532,True
1533,False
1534,False
1535,False
1538,True
1539,False
1541,False
1542,True
1543,False
1544,True
1545,False
1547,True
1548,False
1549,False
1550,True
1552,True
1553,True
1556,True
1558,False
1560,False
1562,False
1563,False
1564,True
1566,False
1567,True
1569,False
1570,False
1571,True
1572,False
1573,False
1574,False
1576,False
1577,False
1578,False
1579,False
1581,False
1582,True
1584,False
1585,True
1586,False
1587,False
1590,False
1591,False
1593,False
1594,False
1597,True
1598,True
1599,False
1600,False
1601,True
1602,False
1603,False
1604,False
1605,True
1607,False
1608,True
1609,False
1610,False
1611,True
1614,False
1615,False
1616,False
1617,False
1618,True
1619,False
1622,False
1624,True
1625,False
1627,False
1628,False
1629,True
1630,True
1631,True
1632,True
1633,False
1634,True
1635,False
1637,True
1638,True
1639,False
1640,False
1641,False
1642,True
1643,True
1644,False
1645,False
1646,True
1647,False
1648,True
1649,True
1650,False
1651,False
1652,False
1653,False
1654,False
1655,True
1657,True
1658,True
1659,False
1660,False
1661,True
1662,True
1663,True
1664,True
1666,True
1667,True
1669,False
1670,True
1671,True
1672,False
1673,False
1674,True
1675,True
1678,False
1681,False
1682,False
1684,True
1685,False
1687,True
1688,False
1689,False
1690,True
1691,True
1692,False
1693,False
1694,True
1695,True
1696,False
1697,False
1698,False
1699,False
1700,True
1703,False
1704,True
1705,True
1706,False
1707,True
1709,True
1712,False
1715,True
1716,True
1717,True
1718,True
1719,False
1721,False
1723,True
1724,False
1726,False
1727,True
1728,True
1729,False
1732,False
1733,False
1734,False
1735,True
1736,True
1737,True
1738,False
1739,True
1740,False
1742,False
1743,False
1744,True
1745,False
1746,True
1749,False
1750,True
1754,False
1755,True
1757,False
1759,False
1761,False
1762,False
1763,False
1764,False
1765,True
1768,False
1769,False
1770,False
1771,True
1772,False
1773,False
1774,False
1775,False
1776,True
1778,False
1779,True
1780,True
1782,False
1783,True
1784,True
1785,False
1786,False
1787,False
1788,False
1790,False
1791,False
1793,True
1794,False
1795,False
1796,True
1797,True
1798,False
1799,False
1800,True
1801,True
1802,False
1804,False
1805,True
1806,True
1808,False
1809,False
1810,True
1811,False
1812,False
1813,False
1814,False
1816,False
1817,False
1818,False
1819,False
1820,False
1821,False
1822,False
1824,False
1825,True
1826,False
1827,True
1828,True
1829,True
1830,True
1831,False
1832,False
1834,False
1837,True
1838,False
1839,True
1840,False
1841,False
1844,True
1845,False
1846,True
1847,True
1848,True
1849,True
1851,False
1852,True
1853,False
1854,True
1855,False
1856,False
1858,True
1859,False
1861,True
1863,False
1864,True
1865,False
1866,False
1868,False
1869,True
1870,False
1873,False
1874,False
1875,True
1876,False
1877,True
1878,True
1881,False
1882,False
1883,True
1884,True
1886,False
1888,True
1890,True
1891,False
1892,True
1893,False
1894,False
1895,True
1896,False
1897,False
1898,True
1899,True
1901,False
1905,False
1906,True
1907,True
1908,False
1912,True
1913,True
1914,True
1915,False
1916,False
1917,False
1918,False
1919,True
1920,True
1922,True
1924,False
1925,False
1926,True
1927,True
1928,False
1930,False
1931,True
1932,False
1933,False
1934,True
1935,False
1936,False
1937,True
1938,False
1939,False
1940,False
1942,False
1943,True
1944,True
1945,True
1946,False
1947,True
1949,True
1951,True
1952,False
1954,False
1955,False
1956,True
1957,False
1958,False
1960,True
1962,True
1963,False
1964,False
1966,False
1967,False
1968,False
1969,False
1970,False
1971,False
1972,True
1973,True
1974,False
1976,False
1977,True
1978,False
1979,False
1980,True
1981,False
1982,False
1984,True
1985,False
1986,False
1987,False
1990,True
1991,False
1992,False
1994,False
1995,True
1996,True
1997,True
1999,True
2000,True
2001,True
2003,False
2004,False
2006,False
2008,False
2009,True
2010,False
2011,False
2013,False
2014,False
2015,True
2016,True
2017,True
2018,True
2019,True
2020,False
2023,True
2024,False
2025,False
2026,False
2027,True
2028,True
2029,True
2031,False
2032,False
2033,False
2034,False
2035,False
2036,False
2037,False
2038,False
2041,True
2042,False
2043,False
2044,True
2046,True
2047,True
2048,False
2049,True
2050,False
2052,False
2053,False
2054,True
2055,False
2056,False
2057,False
2058,False
2059,False
2060,True
2061,False
2062,True
2063,True
2066,True
2067,True
2069,True
2070,False
2072,False
2073,False
2074,False
2075,False
2076,False
2077,True
2078,False
2081,True
2083,False
2084,True
2085,True
2086,True
2087,True
2088,False
2089,True
2090,False
2091,False
2093,False
2094,False
2095,True
2096,True
2097,True
2099,True
2101,True
2102,False
2103,False
2104,True
2105,False
2106,True
2107,False
2108,True
2109,True
2110,True
2112,True
2113,False
2114,True
2115,True
2116,False
2117,False
2120,False
2121,True
2123,False
2125,False
2126,True
2128,False
2129,False
2131,False
2134,False
2137,True
2139,False
2140,False
2141,True
2142,False
2143,True
2145,False
2146,True
2147,True
2148,False
2149,True
2150,False
2151,False
2152,True
2153,False
2154,True
2155,True
2156,False
2157,True
2158,False
2160,False
2161,False
2162,True
2163,True
2164,False
2165,False
2168,True
2169,False
2170,True
2172,False
2173,False
2174,True
2175,False
2176,True
2177,False
2178,False
2179,False
2180,True
2183,True
2184,False
2185,True
2186,True
2189,False
2190,False
2192,False
2193,False
2196,False
2197,True
2198,False
2200,True
2201,True
2203,False
2204,False
2205,False
2206,False
2207,False
2208,True
2209,True
2210,False
2211,True
2212,False
2213,False
2214,False
2215,False
2216,True
2217,True
2221,False
2223,False
2225,False
2228,False
2229,False
2230,False
2231,False
2232,False
2233,True
2236,False
2237,True
2238,True
2240,True
2241,False
2242,True
2245,True
2246,True
2247,False
2248,False
2249,False
2250,True
2252,False
2253,True
2254,True
2255,True
2256,True
2257,False
2258,False
2261,False
2263,True
2264,True
2265,False
2268,False
2270,True
2271,True
2272,False
2273,True
2276,True
2277,False
2278,False
2279,False
2280,True
2281,True
2282,True
2287,False
2288,False
2290,False
2291,False
2296,True
2297,False
2299,False
2300,False
2301,False
2302,False
2303,False
2304,True
2305,False
2306,True
2307,False
2309,False
2310,True
2311,False
2312,False
2314,True
2316,False
2318,True
2319,False
2321,True
2322,False
2323,True
2324,False
2325,True
2327,False
2328,True
2329,False
2330,True
2331,True
2332,True
2333,False
2338,True
2340,True
2341,False
2342,True
2343,False
2344,True
2346,True
2347,False
2348,True
2349,False
2351,False
2352,True
2353,False
2354,False
2355,False
2357,True
2358,False
2359,False
2360,True
2361,False
2362,True
2363,False
2364,True
2366,True
2367,True
2368,True
2369,True
2370,True
2371,True
2373,True
2374,True
2376,True
2378,False
2379,False
2380,True
2381,False
2382,True
2383,True
2384,False
2385,True
2386,True
2387,True
2388,True
2389,False
2390,False
2391,False
2392,False
2393,False
2394,False
2396,True
2397,True
2398,True
2399,False
2400,False
2401,True
2402,False
2403,False
2404,True
2405,False
2406,False
2407,False
2408,False
2409,False
2410,True
2411,True
2413,False
2414,True
2415,False
2416,True
2417,True
2419,False
2421,True
2422,False
2423,True
2424,False
2425,True
2428,True
2429,True
2430,True
2431,True
2434,False
2436,False
2437,False
2439,True
2440,False
2441,False
2443,True
2444,False
2445,False
2446,True
2451,False
2452,False
2453,False
2455,False
2456,True
2457,False
2458,True
2459,True
2460,True
2461,False
2462,False
2463,False
2464,False
2465,False
2466,True
2467,True
2468,False
2469,False
2473,False
2474,True
2476,True
2477,True
2478,False
2479,False
2480,False
2481,False
2482,False
2483,False
2484,False
2485,True
2486,True
2487,False
2488,True
2490,False
2491,True
2492,False
2493,False
2494,True
2496,True
2497,False
2499,False
2500,False
2501,False
2503,False
2505,False
2506,False
2507,True
2508,True
2509,False
2510,False
2511,True
2512,True
2513,True
2514,True
2515,True
2516,True
2519,True
2520,True
2522,False
2523,True
2524,False
2525,False
2526,True
2527,False
2528,True
2529,True
2530,True
2531,True
2532,False
2533,False
2534,False
2535,False
2536,True
2538,False
2541,False
2542,True
2543,False
2544,True
2545,False
2546,False
2548,True
2549,False
2550,False
2552,False
2554,True
2557,False
2559,True
2560,False
2561,False
2562,True
2563,False
2565,False
2567,False
2568,True
2569,False
2570,False
2571,True
2572,True
2573,False
2575,False
2576,False
2578,False
2579,False
2580,False
2581,False
2582,False
2583,False
2586,False
2587,False
2588,True
2589,False
2590,True
2592,True
2594,False
2595,False
2597,False
2598,False
2599,False
2600,True
2601,True
2602,True
2603,True
2604,False
2605,False
2606,False
2608,True
2609,False
2611,False
2612,True
2613,False
2614,False
2615,False
2616,False
2617,True
2618,True
2619,False
2620,False
2621,True
2622,True
2625,True
2626,True
2627,True
2628,False
2629,True
2630,True
2636,True
2637,True
2639,False
2640,False
2641,True
2642,False
2643,False
2644,True
2647,False
2648,True
2649,False
2650,False
2651,True
2652,True
2654,True
2658,True
2659,True
2662,True
2663,True
2664,True
2665,False
2666,False
2667,True
2668,True
2669,False
2670,False
2671,True
2672,True
2674,True
2675,True
2677,True
2678,False
2679,False
2680,True
2681,False
2682,False
2683,False
2684,True
2686,False
2687,False
2688,False
2689,True
2690,False
2691,True
2692,False
2693,True
2694,False
2695,False
2696,False
2697,False
2698,True
2699,False
2701,False
2703,False
2706,True
2709,False
2710,False
2711,False
2712,False
2713,True
2714,True
2716,True
2717,True
2718,True
2720,True
2721,False
2723,True
2724,True
2726,False
2727,False
2728,False
2729,True
2730,True
2732,False
2733,False
2734,False
2736,False
2737,True
2738,True
2739,True
2741,False
2743,True
2744,False
2745,False
2746,False
2748,False
2749,False
2750,False
2751,False
2752,True
2756,True
2757,True
2759,False
2760,True
2761,True
2762,False
2763,False
2764,False
2765,True
2768,False
2769,True
2770,True
2771,False
2773,False
2774,False
2776,True
2777,True
2778,False
2779,True
2780,False
2781,True
2782,False
2785,False
2786,True
2787,False
2788,False
2789,False
2790,False
2791,False
2792,False
2793,False
2794,True
2795,True
2796,True
2797,False
2798,False
2799,False
2800,False
2802,True
2803,True
2804,False
2805,False
2806,False
2807,False
2808,False
2810,False
2812,False
2813,False
2814,False
2815,False
2816,False
2818,False
2820,True
2822,False
2823,False
2825,False
2827,False
2828,False
2829,False
2830,True
2831,True
2832,False
2833,True
2834,True
2835,False
2836,True
2837,False
2838,True
2841,True
2843,False
2844,False
2845,True
2846,True
2847,True
2848,False
2849,True
2852,False
2853,True
2857,True
2858,False
2859,True
2860,True
2861,False
2862,True
2863,True
2864,True
2865,False
2866,True
2868,True
2869,False
2872,True
2873,False
2874,False
2875,False
2876,False
2877,False
2878,True
2879,False
2880,True
2882,True
2883,True
2884,True
2885,True
2886,True
2887,False
2888,False
2889,True
2890,True
2892,True
2893,False
2894,True
2895,True
2897,False
2898,False
2899,False
2901,True
2902,True
2904,True
2905,False
2907,True
2908,False
2909,True
2910,False
2911,False
2912,False
2916,True
2917,True
2918,True
2921,True
2922,True
2923,True
2924,False
2926,False
2927,True
2928,True
2929,True
2930,False
2931,False
2932,True
2934,True
2937,False
2938,False
2939,True
2940,False
2942,False
2943,False
2945,False
2946,False
2947,False
2949,False
2951,True
2952,False
2953,True
2955,False
2956,False
2957,False
2959,False
2960,False
2961,False
2963,True
2964,True
2965,True
2966,False
2967,True
2968,False
2969,False
2970,False
2971,False
2972,False
2975,True
2976,True
2977,False
2978,True
2979,True
2980,True
2981,False
2982,True
2983,False
2984,False
2985,False
2986,True
2987,False
2988,False
2989,True
2990,False
2993,False
2995,False
2996,False
2997,True
2998,True
2999,True
3000,False
3001,False
3003,False
3004,False
3005,True
3006,True
3007,False
3008,True
3010,True
3011,False
3012,True
3013,False
3015,True
3016,False
3017,True
3019,True
3020,True
3021,False
3022,True
3024,True
3025,False
3026,False
3027,False
3028,False
3029,True
3030,True
3034,True
3035,True
3038,True
3039,True
3040,True
3041,True
3043,False
3044,True
3045,False
3049,False
3050,True
3051,True
3052,True
3054,True
3055,False
3056,False
3057,False
3058,False
3059,True
3060,False
3061,False
3062,True
3063,False
3065,False
3066,True
3067,True
3068,True
3070,True
3071,False
3072,True
3073,True
3074,True
3075,True
3076,True
3077,True
3079,False
3080,False
3081,True
3082,False
3085,True
3086,True
3087,True
3088,True
3089,False
3090,False
3091,True
3093,True
3094,False
3095,False
3097,True
3098,False
3100,True
3101,False
3102,True
3103,True
3104,True
3105,False
3106,False
3107,True
3108,True
3109,True
3110,True
3112,False
3113,True
3114,False
3115,False
3116,True
3117,False
3118,False
3119,True
3120,True
3122,False
3123,False
3124,True
3125,False
3126,False
3128,True
3129,True
3130,False
3131,True
3133,True
3134,False
3135,True
3136,True
3137,True
3138,True
3139,True
3140,False
3141,True
3142,False
3144,False
3145,True
3146,True
3147,False
3148,True
3149,False
3150,False
3151,False
3152,True
3153,False
3155,False
3156,True
3157,True
3158,False
3159,False
3162,False
3163,False
3166,True
3168,False
3169,False
3170,False
3171,True
3172,True
3173,True
3175,False
3176,False
3177,True
3178,False
3179,True
3180,True
3181,False
3185,False
3186,False
3187,False
3188,False
3190,True
3192,True
3194,True
3195,False
3196,False
3197,True
3198,True
3199,False
3200,False
3201,True
3202,True
3204,True
3205,False
3207,False
3208,False
3209,False
3210,False
3211,True
3212,True
3214,True
3215,False
3216,True
3217,False
3218,True
3220,True
3222,True
3224,True
3226,False
3227,False
3228,False
3229,False
3230,False
3231,True
3232,False
3233,True
3234,True
3235,True
3236,False
3237,False
3238,False
3240,True
3241,True
3242,True
3243,False
3244,False
3245,True
3246,True
3247,True
3248,True
3250,False
3251,False
3252,False
3253,True
3254,True
3255,False
3257,True
3258,True
3259,False
3260,False
3261,False
3262,False
3263,True
3265,True
3266,True
3270,True
3272,True
3273,False
3275,True
3276,False
3278,False
3279,False
3281,True
3282,True
3283,False
3284,False
3285,True
3286,True
3287,True
3288,True
3289,True
3292,True
3293,False
3294,False
3295,False
3296,False
3297,True
3299,True
3300,True
3301,False
3302,True
3303,False
3304,True
3305,True
3306,True
3307,False
3308,False
3309,True
3310,False
3311,True
3312,True
3313,False
3314,False
3315,True
3317,False
3318,False
3319,True
3320,False
3322,False
3323,True
3324,True
3325,False
3326,False
3327,False
3328,False
3329,True
3331,True
3332,True
3333,True
3334,False
3336,True
3338,True
3339,False
3341,True
3342,True
3345,False
3347,True
3350,True
3351,True
3352,False
3353,False
3355,True
3356,False
3357,True
3358,True
3361,True
3362,True
3363,False
3364,True
3365,False
3366,False
3367,True
3368,False
3369,True
3370,False
3371,False
3372,True
3374,False
3375,True
3376,True
3378,True
3379,True
3381,True
3382,False
3383,True
3384,False
3385,False
3386,False
3387,False
3388,False
3389,True
3390,True
3393,True
3396,True
3397,True
3398,False
3399,True
3400,False
3401,True
3402,False
3403,False
3404,True
3405,True
3407,True
3408,False
3409,True
3410,True
3411,True
3412,True
3413,False
3414,False
3415,True
3416,True
3418,True
3419,False
3421,False
3423,False
3425,False
3426,False
3427,True
3428,False
3431,False
3432,False
3433,False
3434,True
3435,False
3436,True
3437,True
3438,True
3439,True
3443,False
3444,True
3445,False
3446,True
3448,True
3449,True
3451,True
3452,True
3454,False
3455,True
3457,False
3458,True
3459,True
3460,False
3461,True
3462,False
3463,True
3464,False
3465,True
3467,True
3468,False
3469,True
3471,False
3472,True
3474,True
3476,True
3477,True
3478,False
3481,False
3482,False
3485,False
3487,True
3488,False
3489,True
3490,True
3491,True
3494,False
3495,True
3496,False
3498,False
3499,True
3501,True
3502,True
3503,True
3504,False
3505,False
3506,False
3507,True
3509,True
3510,True
3511,True
3512,True
3513,False
3514,False
3516,False
3518,False
3519,True
3520,True
3522,False
3523,True
3525,True
3527,False
3528,True
3529,False
3530,False
3531,False
3533,True
3534,False
3535,True
3536,False
3538,True
3539,False
3540,False
3543,True
3545,False
3546,True
3549,False
3550,False
3551,False
3552,False
3553,True
3554,True
3555,False
3556,False
3557,False
3558,True
3559,False
3560,False
3561,False
3562,False
3563,True
3564,True
3565,True
3566,True
3567,True
3568,True
3569,False
3571,True
3572,True
3575,True
3576,True
3577,False
3578,False
3579,True
3586,True
3588,True
3589,True
3590,True
3591,False
3592,True
3593,True
3594,True
3595,False
3597,True
3598,False
3599,False
3600,True
3601,False
3603,True
3605,True
3606,True
3607,False
3609,True
3611,False
3612,True
3613,True
3614,False
3615,False
3617,False
3618,False
3619,True
3620,False
3621,True
3622,True
3624,True
3625,True
3626,True
3628,False
3629,True
3630,False
3631,True
3632,False
3634,True
3635,True
3636,False
3637,True
3638,True
3639,True
3641,False
3642,True
3644,True
3645,False
3646,False
3647,True
3648,True
3649,True
3650,False
3651,False
3652,True
3654,True
3655,True
3656,False
3657,False
3658,False
3659,False
3660,False
3661,False
3662,False
3663,False
3664,False
3665,True
3666,False
3667,False
3668,True
3669,False
3670,False
3671,False
3672,True
3673,False
3674,True
3676,False
3678,True
3679,False
3681,True
3683,False
3684,True
3685,False
3687,True
3688,True
3690,True
3691,True
3694,False
3695,False
3696,False
3697,True
3698,False
3699,False
3700,False
3701,True
3702,False
3703,False
3704,False
3705,False
3706,False
3707,True
3708,True
3709,False
3710,True
3711,False
3712,True
3713,False
3714,True
3715,True
3716,True
3717,True
3718,False
3720,True
3722,False
3723,True
3724,True
3725,True
3726,False
3728,True
3729,True
3731,False
3733,True
3734,True
3737,True
3739,False
3740,False
3741,False
3742,False
3743,False
3745,True
3747,False
3748,False
3750,True
3751,False
3752,False
3753,False
3755,True
3756,True
3759,False
3760,False
3761,False
3763,True
3765,True
3766,False
3767,True
3768,False
3769,True
3770,False
3771,False
3775,True
3777,False
3779,True
3780,False
3781,True
3782,True
3783,False
3784,False
3785,True
3786,False
3787,False
3788,False
3789,False
3790,True
3792,True
3794,False
3796,True
3798,True
3802,False
3803,False
3805,False
3806,False
3807,False
3808,False
3809,True
3810,True
3811,True
3812,True
3813,True
3814,False
3815,False
3816,True
3817,False
3818,False
3820,False
3821,True
3822,False
3823,False
3824,True
3825,False
3826,True
3829,False
3830,True
3831,True
3832,True
3833,True
3834,False
3835,True
3839,False
3840,True
3842,False
3845,False
3847,False
3848,False
3849,False
3850,False
3852,False
3853,False
3854,False
3856,True
3858,True
3859,True
3860,False
3861,True
3863,False
3866,True
3867,True
3868,True
3869,True
3871,False
3872,False
3873,True
3874,True
3876,False
3877,True
3878,False
3880,False
3881,False
3882,True
3883,True
3884,False
3885,False
3886,False
3887,True
3888,True
3889,True
3890,False
3891,False
3892,True
3893,True
3894,True
3896,False
3897,False
3898,True
3899,True
3900,True
3903,True
3904,False
3905,True
3906,False
3907,False
3908,False
3910,False
3911,True
3912,True
3913,True
3914,False
3915,False
3916,True
3917,True
3918,True
3919,True
3920,False
3921,True
3922,False
3923,True
3924,False
3925,True
3926,False
3927,False
3929,True
3930,False
3931,True
3932,True
3933,True
3936,False
3937,False
3938,True
3940,True
3943,False
3944,False
3945,False
3946,True
3947,False
3948,False
3949,True
3951,False
3952,False
3953,False
3954,True
3955,True
3956,False
3957,True
3958,True
3959,False
3961,True
3962,False
3963,True
3964,True
3965,False
3966,True
3967,True
3968,True
3970,True
3971,False
3972,False
3973,True
3974,False
3975,True
3976,False
3977,False
3978,True
3979,True
3980,False
3981,False
3982,False
3983,False
3984,False
3985,False
3987,False
3988,True
3989,True
3990,True
3991,True
3992,False
3993,False
3994,True
3996,True
3998,True
3999,True
4000,False
4001,True
4002,True
4003,False
4004,True
4005,False
4006,True
4007,True
4008,True
4009,True
4011,False
4012,False
4014,True
4015,True
4016,True
4017,False
4018,False
4019,True
4020,True
4021,True
4022,False
4023,True
4024,False
4025,False
4026,True
4029,True
4030,True
4031,False
4032,False
4033,True
4034,True
4035,False
4036,True
4037,True
4039,True
4040,True
4041,False
4042,True
4043,False
4044,True
4045,True
4047,True
4048,True
4049,True
4050,True
4051,True
4052,False
4053,True
4054,True
4055,True
4056,False
4057,True
4058,False
4059,True
4060,False
4061,True
4062,False
4064,True
4065,True
4067,True
4068,False
4070,False
4071,True
4072,False
4073,True
4074,True
4075,True
4076,True
4079,True
4080,True
4081,False
4084,False
4086,True
4089,False
4090,False
4091,True
4092,True
4093,True
4094,True
4095,True
4096,False
4097,True
4098,True
4099,True
4100,False
4101,True
4102,False
4103,False
4104,False
4105,False
4106,False
4108,False
4109,False
4110,True
4113,True
4114,False
4115,False
4118,True
4119,True
4120,True
4121,True
4122,False
4123,True
4124,False
4125,False
4126,True
4127,True
4128,True
4129,False
4130,True
4131,False
4132,False
4133,True
4134,False
4135,True
4136,False
4137,False
4138,False
4139,True
4140,True
4141,False
4143,True
4144,True
4145,True
4146,False
4147,False
4148,False
4149,False
4150,True
4151,True
4154,True
4155,True
4156,True
4158,True
4159,False
4162,False
4164,True
4166,True
4167,False
4169,True
4170,False
4171,False
4172,False
4173,False
4174,False
4175,True
4176,True
4177,False
4178,False
4179,False
4180,False
4181,False
4182,False
4184,True
4186,False
4187,True
4188,False
4191,False
4192,True
4193,True
4194,False
4195,True
4196,False
4197,False
4198,True
4199,False
4200,True
4201,False
4202,False
4203,False
4204,True
4205,True
4206,True
4207,True
4208,False
4209,False
4210,False
4211,True
4213,True
4214,True
4215,False
4216,False
4217,False
4219,False
4220,True
4222,False
4223,False
4224,False
4225,False
4226,True
4228,True
4229,True
4230,True
4231,True
4232,False
4233,True
4234,False
4235,True
4236,False
4237,False
4238,False
4239,False
4240,True
4242,False
4243,False
4244,True
4245,True
4246,True
4247,True
4248,False
4249,False
4250,False
4251,False
4252,True
4253,True
4254,True
4255,True
4256,False
4257,True
4259,True
4260,False
4262,True
4263,False
4264,False
4265,False
4266,False
4269,False
4270,True
4271,True
4273,False
4275,False
4276,True
4279,True
4280,False
4281,True
4282,False
4284,False
4286,True
4287,True
4288,True
4289,False
4292,True
4293,True
4294,True
4296,True
4297,True
4298,False
4299,True
4301,True
4303,True
4304,False
4306,False
4307,False
4308,False
4309,False
4311,False
4312,True
4313,False
4314,False
4315,True
4316,True
4317,True
4318,True
4319,False
4320,False
4321,True
4322,True
4324,False
4325,True
4326,True
4328,True
4329,True
4331,True
4332,True
4333,True
4335,True
4336,True
4337,False
4338,False
4340,False
4341,False
4342,True
4344,True
4345,True
4346,False
4347,False
4349,True
4350,True
4352,True
4354,False
4355,False
4356,True
4359,True
4360,True
4363,False
4364,False
4365,False
4366,False
4367,False
4369,False
4370,True
4371,False
4372,False
4375,False
4378,True
4379,True
4380,True
4381,True
4382,True
4383,True
4384,False
4385,False
4387,True
4388,True
4391,True
4392,False
4393,False
4394,True
4396,True
4398,False
4399,True
4400,True
4401,True
4402,True
4403,False
4404,False
4405,True
4406,True
4407,True
4408,False
4409,True
4410,True
4412,False
4413,False
4414,True
4415,False
4416,False
4417,True
4419,False
4420,True
4421,False
4422,False
4423,False
4425,True
4426,True
4427,True
4428,False
4429,False
4431,True
4432,True
4433,True
4434,True
4435,False
4439,True
4440,True
4441,True
4442,False
4443,False
4444,True
4445,True
4448,True
4449,True
4450,True
4452,False
4453,False
4454,False
4455,False
4457,False
4458,True
4461,False
4462,False
4463,False
4464,True
4465,True
4466,True
4467,True
4468,True
4469,True
4470,False
4472,True
4473,True
4474,False
4475,True
4476,True
4477,True
4478,False
4479,False
4480,True
4481,False
4482,False
4484,False
4485,True
4486,True
4487,True
4488,True
4490,False
4492,True
4493,True
4494,False
4495,True
4496,False
4497,True
4500,True
4501,True
4505,False
4506,True
4509,False
4512,True
4513,True
4514,True
4515,False
4516,True
4517,True
4518,True
4519,True
4521,True
4524,True
4526,False
4527,True
4532,False
4534,True
4535,False
4536,False
4537,False
4538,True
4539,False
4541,True
4542,True
4543,True
4544,True
4546,False
4547,True
4549,False
4551,False
4552,True
4553,True
4555,False
4556,True
4557,True
4558,True
4559,True
4560,False
4561,False
4562,False
4563,False
4564,True
4567,False
4568,True
4570,True
4571,True
4572,False
4573,True
4575,True
4576,True
4578,True
4579,True
4581,False
4582,True
4583,True
4584,True
4585,False
4586,False
4587,False
4588,False
4589,False
4590,False
4591,False
4592,False
4593,False
4594,False
4595,True
4596,True
4597,False
4598,True
4599,True
4600,True
4601,True
4602,True
4603,True
4604,True
4605,False
4606,True
4607,True
4608,True
4609,True
4610,True
4611,True
4613,True
4615,True
4616,True
4618,False
4619,True
4620,False
4621,False
4622,True
4623,True
4625,False
4627,True
4630,False
4631,False
4632,True
4633,False
4634,False
4635,True
4636,True
4638,True
4639,False
4641,True
4642,False
4644,False
4645,True
4646,False
4647,True
4648,False
4650,True
4651,True
4652,True
4653,True
4654,False
4656,False
4657,False
4659,False
4662,False
4664,True
4665,False
4666,False
4668,False
4669,True
4671,True
4672,True
4673,False
4674,True
4675,False
4676,True
4677,False
4678,True
4679,True
4680,False
4681,False
4682,True
4683,True
4684,False
4685,True
4686,True
4688,True
4689,False
4690,False
4691,True
4692,True
4693,False
4694,True
4695,True
4696,False
4697,False
4698,False
4699,False
4700,True
4701,False
4702,True
4703,False
4704,False
4706,True
4707,True
4708,False
4709,False
4710,False
4711,True
4712,False
4713,True
4715,False
4716,False
4717,True
4718,True
4719,True
4721,False
4722,True
4723,False
4724,True
4725,True
4726,False
4729,True
4732,False
4734,False
4735,True
4737,False
4739,False
4740,False
4741,True
4742,False
4743,False
4745,False
4746,False
4747,False
4748,True
4750,True
4751,False
4752,True
4754,False
4756,False
4757,False
4759,False
4760,False
4761,True
4762,True
4763,True
4764,True
4765,True
4768,True
4770,True
4771,False
4772,False
4773,False
4774,True
4775,True
4776,True
4777,True
4778,True
4779,True
4780,True
4781,False
4782,True
4784,False
4785,True
4786,True
4787,False
4788,False
4789,True
4790,True
4792,False
4793,True
4794,False
4796,False
4797,False
4798,True
4799,False
4800,False
4801,False
4803,True
4804,True
4805,True
4806,False
4807,True
4809,True
4810,True
4811,False
4812,True
4813,True
4814,False
4815,False
4816,True
4817,True
4821,True
4822,True
4823,False
4824,True
4825,True
4826,True
4827,True
4828,False
4829,False
4830,False
4831,True
4832,True
4833,False
4834,False
4835,False
4836,True
4837,True
4840,True
4841,True
4842,True
4843,False
4844,False
4846,False
4847,True
4848,False
4849,False
4850,True
4851,True
4852,True
4853,True
4854,True
4855,False
4857,False
4860,True
4862,False
4863,True
4865,True
4866,False
4867,False
4868,True
4869,False
4870,True
4871,False
4873,True
4875,True
4876,False
4877,False
4878,True
4879,True
4880,False
4881,False
4882,False
4885,True
4886,False
4887,True
4888,True
4889,True
4891,True
4892,True
4893,False
4894,True
4895,False
4896,True
4897,True
4898,True
4899,True
4900,True
4901,False
4902,True
4904,True
4905,True
4906,False
4907,True
4908,True
4909,True
4910,True
4911,True
4912,True
4914,True
4915,True
4916,False
4917,False
4918,True
4919,True
4920,True
4921,True
4922,True
4923,False
4924,False
4925,False
4927,True
4928,False
4929,True
4930,False
4931,False
4932,False
4933,True
4934,True
4935,True
4939,True
4940,True
4941,True
4945,False
4946,True
4947,True
4948,True
4949,True
4950,True
4951,True
4952,True
4954,True
4955,True
4956,True
4957,False
4958,False
4960,True
4962,False
4963,True
4964,True
4966,False
4967,True
4968,True
4969,False
4972,True
4973,True
4974,False
4975,True
4976,False
4977,True
4978,True
4979,True
4981,False
4982,True
4983,False
4984,False
4985,True
4988,True
4989,False
4990,True
4991,False
4993,True
4994,True
4995,False
4996,False
4997,True
4999,False
5001,True
5003,True
5004,True
5005,False
5006,True
5007,True
5009,True
5010,False
5013,True
5014,True
5015,False
5016,False
5017,False
5019,True
5020,True
5021,False
5022,False
5024,True
5026,True
5027,True
5028,True
5029,False
5030,True
5031,True
5033,True
5034,True
5035,True
5036,False
5038,False
5040,False
5041,False
5042,False
5043,False
5045,True
5046,False
5047,False
5048,False
5049,False
5050,True
5051,False
5053,False
5054,True
5057,True
5058,False
5060,False
5061,True
5062,False
5064,False
5066,False
5067,False
5068,False
5071,False
5073,True
5074,False
5075,True
5076,False
5077,False
5078,True
5079,False
5082,True
5084,True
5087,False
5089,False
5090,False
5091,False
5092,False
5093,True
5094,False
5096,True
5097,True
5098,False
5099,True
5100,False
5102,False
5107,True
5110,True
5111,True
5112,False
5113,True
5115,False
5116,True
5117,False
5118,True
5119,True
5120,True
5121,False
5122,True
5124,False
5126,False
5127,False
5128,True
5129,True
5130,True
5131,True
5132,True
5133,False
5134,True
5135,False
5136,True
5137,False
5139,True
5140,True
5141,True
5143,False
5145,True
5147,True
5149,False
5151,True
5152,False
5153,True
5154,True
5156,False
5157,True
5159,True
5161,False
5163,True
5164,False
5165,False
5166,False
5167,True
5168,False
5169,True
5171,True
5172,True
5173,True
5175,True
5176,True
5177,False
5180,True
5182,True
5183,True
5184,True
5185,False
5186,True
5187,True
5189,True
5190,False
5192,False
5193,True
5194,True
5195,False
5196,True
5197,False
5198,False
5199,False
5200,True
5201,False
5202,False
5203,True
5204,False
5205,True
5206,True
5207,False
5208,False
5209,False
5210,True
5211,True
5212,True
5215,True
5216,False
5217,True
5218,False
5219,False
5220,True
5221,False
5222,True
5223,False
5224,False
5225,False
5228,True
5229,True
5231,True
5232,True
5233,True
5234,True
5236,True
5237,True
5238,True
5239,False
5240,True
5241,False
5242,True
5243,False
5244,True
5245,True
5246,True
5247,True
5248,True
5249,True
5250,True
5251,True
5252,False
5254,False
5255,True
5256,False
5257,True
5258,False
5259,False
5261,False
5262,False
5263,True
5264,True
5267,True
5268,False
5269,False
5270,False
5271,True
5272,True
5274,True
5276,False
5277,False
5278,False
5279,True
5280,False
5281,False
5282,False
5283,False
5284,True
5285,False
5286,True
5287,False
5288,True
5289,False
5290,False
5292,False
5293,False
5294,True
5295,True
5296,True
5297,True
5298,True
5300,True
5301,False
5302,True
5303,False
5305,False
5306,False
5307,True
5308,False
5309,False
5310,True
5311,True
5312,True
5313,False
5314,True
5315,True
5317,True
5319,True
5320,True
5322,True
5323,True
5324,True
5326,True
5327,True
5328,False
5329,True
5331,True
5333,True
5334,True
5335,True
5336,True
5337,False
5338,True
5339,False
5340,False
5341,False
5342,True
5343,True
5345,False
5346,False
5347,True
5348,False
5349,False
5350,True
5354,True
5355,True
5356,True
5357,True
5358,False
5359,False
5360,False
5361,True
5363,False
5364,False
5365,False
5366,False
5367,True
5368,False
5369,False
5370,False
5373,False
5375,False
5376,False
5377,True
5378,True
5379,False
5381,True
5382,False
5383,True
5384,True
5385,True
5386,True
5387,True
5389,False
5390,True
5391,False
5393,False
5396,True
5397,True
5398,False
5399,True
5400,False
5401,False
5402,True
5403,False
5405,False
5406,True
5407,False
5408,True
5412,True
5413,False
5414,False
5415,False
5416,False
5418,False
5419,True
5420,True
5422,False
5423,True
5424,True
5425,True
5426,True
5427,True
5428,True
5429,True
5430,True
5431,False
5432,True
5433,True
5434,True
5435,False
5437,True
5438,True
5440,True
5442,False
5443,True
5444,True
5445,True
5446,True
5448,True
5449,False
5450,False
5453,True
5454,True
5456,True
5457,False
5458,True
5459,True
5460,True
5462,False
5463,False
5465,False
5466,False
5467,True
5469,True
5471,True
5473,True
5475,False
5476,True
5477,True
5478,True
5479,True
5480,False
5482,False
5483,True
5484,True
5485,True
5486,False
5487,True
5488,True
5489,True
5491,True
5492,True
5493,True
5494,False
5496,True
5497,True
5498,False
5499,True
5500,False
5501,False
5502,True
5504,False
5505,True
5507,False
5508,False
5509,False
5510,True
5511,True
5512,True
5514,True
5516,True
5518,False
5519,False
5520,False
5521,True
5523,True
5524,True
5525,True
5526,True
5527,True
5528,True
5529,False
5530,False
5532,True
5533,False
5534,True
5535,False
5536,False
5537,True
5538,False
5539,False
5540,True
5541,False
5542,False
5544,True
5546,True
5547,False
5548,False
5549,True
5550,True
5551,False
5552,True
5553,False
5554,False
5560,True
5561,True
5562,True
5563,True
5564,False
5565,True
5566,False
5567,True
5571,False
5572,False
5573,False
5574,False
5576,True
5577,True
5578,False
5579,False
5580,True
5581,True
5582,True
5583,True
5584,False
5585,True
5587,True
5588,False
5590,True
5592,True
5593,True
5594,False
5595,True
5596,False
5597,True
5598,True
5599,False
5600,True
5602,False
5604,False
5606,True
5607,False
5608,True
5609,True
5610,False
5611,True
5614,False
5616,True
5617,True
5618,True
5619,True
5621,True
5622,True
5623,True
5625,False
5627,False
5628,True
5629,False
5630,True
5633,True
5634,False
5635,False
5636,True
5637,True
5638,False
5639,False
5640,True
5641,True
5643,False
5644,False
5645,False
5646,False
5648,False
5650,False
5652,False
5653,True
5654,True
5655,False
5656,False
5657,True
5659,True
5660,False
5661,True
5663,True
5664,True
5666,True
5669,True
5671,True
5672,False
5673,True
5674,True
5675,False
5676,True
5677,True
5679,True
5681,True
5682,False
5685,True
5686,False
5687,False
5688,False
5689,False
5690,True
5692,True
5693,False
5695,False
5696,True
5698,False
5699,True
5700,True
5701,False
5702,False
5704,False
5705,False
5707,False
5708,True
5709,False
5710,False
5711,True
5712,True
5713,True
5717,False
5718,True
5719,True
5720,False
5721,True
5722,True
5723,False
5725,True
5726,True
5727,True
5728,True
5729,True
5730,False
5731,True
5732,True
5733,False
5734,False
5735,True
5736,False
5737,False
5738,True
5740,True
5741,True
5745,True
5747,False
5749,True
5750,True
5752,False
5754,False
5755,False
5756,False
5760,True
5762,True
5763,True
5764,False
5765,False
5766,False
5767,True
5769,True
5770,False
5771,False
5772,True
5773,False
5774,True
5775,True
5776,True
5777,True
5780,True
5782,True
5783,True
5784,True
5785,False
5789,False
5790,True
5793,True
5795,False
5796,True
5797,False
5799,False
5800,True
5801,False
5802,False
5803,False
5804,True
5805,True
5806,True
5809,False
5810,True
5812,False
5813,True
5815,False
5816,True
5817,False
5818,True
5819,False
5821,True
5822,False
5824,True
5825,True
5826,True
5827,True
5829,True
5830,True
5831,True
5832,False
5835,True
5836,False
5837,False
5838,False
5839,False
5840,False
5841,False
5843,False
5844,True
5847,True
5848,False
5849,True
5850,False
5851,False
5853,False
5854,False
5855,False
5856,False
5857,True
5858,False
5860,True
5861,True
5862,False
5863,True
5865,False
5866,True
5867,True
5868,False
5870,True
5871,True
5873,True
5874,True
5876,True
5877,False
5878,False
5879,False
5880,True
5881,True
5882,True
5883,True
5885,True
5887,False
5889,True
5890,True
5891,False
5892,False
5893,True
5894,False
5895,False
5896,True
5897,True
5899,False
5900,True
5901,True
5902,False
5903,False
5906,True
5907,True
5908,True
5909,True
5910,False
5911,True
5912,True
5913,True
5914,True
5916,False
5917,False
5920,False
5923,True
5924,True
5925,False
5926,False
5927,True
5930,True
5932,False
5935,False
5937,True
5938,False
5939,True
5940,True
5941,False
5943,True
5944,False
5945,True
5948,True
5949,True
5950,False
5951,False
5952,True
5954,False
5955,False
5956,True
5957,True
5958,True
5959,True
5960,True
5961,True
5962,True
5963,True
5964,False
5965,True
5966,False
5967,False
5969,True
5970,False
5971,False
5972,True
5973,True
5974,True
5975,False
5976,False
5977,True
5979,True
5980,True
5981,True
5982,True
5983,True
5985,False
5987,True
5988,True
5989,True
5995,False
5997,False
5999,False
6000,True
6001,False
6002,True
6003,True
6004,False
6005,True
6006,False
6007,True
6009,True
6011,True
6012,True
6013,False
6014,True
6015,False
6016,False
6018,True
6020,True
6021,True
6022,True
6023,False
6025,False
6026,True
6027,False
6028,True
6029,False
6030,False
6031,False
6032,True
6033,True
6038,True
6039,True
6041,True
6042,True
6043,False
6044,False
6045,False
6046,False
6048,True
6049,True
6051,False
6053,True
6055,False
6056,True
6057,False
6058,False
6061,True
6062,False
6064,True
6065,False
6066,False
6067,True
6068,True
6069,True
6070,True
6071,True
6072,True
6073,False
6074,True
6075,True
6076,True
6077,True
6078,False
6079,False
6080,True
6082,True
6083,False
6084,True
6085,True
6086,True
6087,False
6088,False
6089,False
6090,False
6091,True
6093,True
6095,True
6096,False
6098,False
6101,False
6102,False
6103,True
6104,True
6105,True
6106,False
6107,False
6108,True
6109,True
6110,False
6111,False
6112,False
6113,True
6114,True
6115,True
6116,True
6118,False
6119,False
6120,False
6121,False
6122,True
6123,False
6124,True
6125,True
6126,True
6127,True
6128,False
6129,False
6130,False
6131,True
6132,False
6133,True
6135,True
6136,True
6137,False
6138,False
6139,True
6141,False
6142,False
6143,True
6144,False
6145,False
6146,False
6147,True
6148,True
6150,False
6151,False
6152,False
6153,False
6154,False
6156,True
6157,True
6159,True
6160,True
6161,True
6162,False
6163,True
6164,False
6166,False
6167,False
6168,True
6169,False
6170,True
6172,False
6173,False
6174,True
6175,False
6178,False
6179,True
6180,True
6181,False
6182,True
6183,True
6184,False
6186,False
6187,True
6188,False
6189,False
6190,False
6191,False
6195,False
6196,False
6197,True
6198,False
6199,False
6200,True
6201,False
6202,False
6203,True
6204,True
6205,True
6207,True
6208,True
6209,False
6210,True
6211,False
6212,True
6214,False
6215,True
6216,True
6217,True
6219,False
6220,True
6221,True
6222,True
6223,False
6224,False
6225,False
6226,True
6227,False
6228,True
6229,True
6230,True
6231,True
6232,True
6234,True
6235,False
6238,False
6239,True
6240,False
6241,False
6242,False
6243,True
6245,True
6246,True
6248,False
6249,False
6250,False
6251,False
6252,True
6253,True
6254,True
6255,True
6256,False
6257,True
6258,True
6259,True
6261,False
6263,True
6264,True
6266,True
6269,False
6270,False
6272,True
6273,False
6274,False
6275,True
6276,True
6277,False
6278,True
6279,False
6280,True
6281,True
6282,False
6283,True
6284,False
6287,False
6288,True
6289,True
6290,False
6291,True
6292,False
6293,False
6296,True
6297,False
6299,False
6300,True
6302,True
6303,True
6304,False
6306,False
6308,True
6309,False
6312,False
6313,False
6314,True
6315,True
6316,True
6317,True
6318,True
6320,False
6321,True
6322,True
6326,False
6327,False
6328,False
6330,True
6331,True
6333,True
6334,False
6335,True
6336,True
6337,True
6338,False
6339,True
6341,False
6342,True
6343,False
6344,True
6345,False
6346,True
6347,True
6348,True
6349,True
6351,True
6352,True
6354,True
6355,False
6356,False
6357,False
6359,False
6360,False
6361,True
6365,False
6367,True
6368,False
6369,True
6370,False
6371,True
6372,False
6373,True
6374,False
6375,True
6376,True
6377,False
6378,False
6379,True
6380,True
6381,False
6382,False
6383,True
6384,False
6385,True
6386,True
6387,False
6389,True
6392,False
6393,False
6394,True
6395,False
6396,False
6397,True
6399,True
6400,True
6401,True
6404,False
6405,True
6406,False
6407,True
6409,False
6410,True
6412,True
6413,False
6414,False
6415,True
6416,True
6417,True
6418,False
6419,True
6420,True
6421,True
6422,True
6423,False
6424,False
6425,True
6427,True
6428,True
6431,True
6432,False
6433,True
6434,False
6436,True
6437,True
6438,False
6439,True
6440,False
6441,True
6443,False
6444,False
6447,False
6448,False
6449,False
6450,True
6451,True
6453,True
6454,False
6455,False
6457,True
6460,True
6461,False
6462,True
6465,True
6466,False
6467,True
6469,False
6470,False
6471,True
6472,False
6473,False
6474,False
6475,True
6476,True
6477,False
6479,True
6480,True
6481,True
6482,False
6483,False
6484,True
6487,True
6488,True
6489,False
6490,False
6491,False
6493,True
6494,True
6495,False
6496,False
6497,True
6498,False
6499,True
6501,False
6503,True
6505,True
6506,True
6507,True
6509,False
6511,True
6512,True
6514,True
6516,True
6517,False
6518,True
6519,False
6520,False
6521,False
6522,True
6523,True
6524,False
6525,True
6526,True
6527,False
6528,True
6529,False
6530,True
6532,True
6533,False
6534,True
6535,False
6536,True
6538,True
6539,True
6540,True
6541,False
6542,True
6543,False
6545,False
6546,False
6547,True
6548,True
6549,True
6550,True
6551,True
6552,True
6553,True
6555,True
6556,False
6557,True
6558,True
6559,True
6561,False
6562,True
6563,True
6564,False
6565,True
6566,True
6567,True
6571,True
6572,False
6573,False
6574,False
6575,False
6576,False
6577,False
6578,False
6583,True
6584,True
6585,True
6586,True
6587,False
6589,False
6591,True
6592,True
6593,True
6594,False
6596,False
6597,True
6599,True
6600,False
6604,True
6606,False
6610,True
6611,True
6612,False
6613,False
6614,False
6615,False
6616,False
6617,False
6618,False
6619,True
6620,False
6622,True
6624,True
6626,False
6628,True
6629,False
6630,True
6631,True
6632,True
6633,False
6634,True
6635,False
6636,False
6637,False
6639,True
6640,True
6641,False
6642,True
6643,False
6645,True
6647,True
6648,False
6649,True
6652,True
6653,False
6654,False
6656,True
6657,True
6659,False
6660,False
6661,True
6662,False
6663,True
6664,True
6665,False
6668,False
6669,False
6671,True
6673,True
6674,False
6675,False
6676,False
6678,True
6679,False
6682,True
6684,False
6685,False
6686,False
6687,True
6688,False
6689,True
6691,False
6692,False
6693,True
6694,True
6695,False
6696,True
6697,False
6698,True
6700,True
6701,True
6702,False
6703,True
6704,True
6705,True
6706,False
6707,True
6708,True
6709,False
6710,False
6711,False
6712,True
6717,True
6718,False
6719,False
6720,False
6721,False
6722,True
6723,False
6724,False
6725,True
6726,False
6727,False
6728,False
6729,True
6730,True
6734,False
6735,True
6736,False
6737,False
6738,False
6739,True
6741,False
6742,False
6743,True
6745,False
6746,False
6747,True
6748,True
6749,False
6750,True
6751,True
6752,False
6753,True
6755,True
6756,True
6758,False
6759,True
6760,True
6761,False
6763,True
6764,False
6765,True
6767,False
6768,True
6769,True
6770,False
6771,True
6772,False
6773,True
6775,True
6776,False
6779,True
6780,True
6782,False
6783,True
6784,True
6785,False
6786,True
6787,True
6789,False
6790,True
6791,True
6795,True
6796,False
6797,True
6799,False
6800,True
6801,True
6802,False
6803,False
6805,True
6806,True
6807,True
6809,True
6810,False
6811,True
6813,True
6814,False
6815,False
6817,False
6818,False
6819,False
6820,False
6821,True
6822,False
6823,False
6824,False
6828,True
6829,True
6830,True
6831,False
6832,False
6834,True
6835,True
6836,False
6837,True
6838,False
6839,False
6840,True
6842,True
6843,True
6844,False
6845,True
6846,True
6847,True
6848,False
6849,True
6850,False
6851,True
6852,False
6853,False
6856,True
6857,False
6860,True
6861,True
6862,True
6863,True
6865,False
6866,False
6868,False
6869,False
6871,True
6872,True
6873,False
6874,False
6876,True
6877,True
6878,False
6879,False
6881,False
6882,False
6884,False
6888,True
6889,False
6890,True
6891,False
6893,False
6894,False
6898,False
6901,False
6902,True
6903,True
6904,False
6905,False
6907,False
6910,False
6911,True
6913,False
6915,False
6916,True
6917,True
6919,True
6920,False
6921,False
6922,False
6923,False
6924,False
6925,True
6926,False
6928,True
6929,False
6930,False
6931,False
6932,True
6933,True
6934,False
6936,False
6938,False
6939,True
6940,True
6941,False
6942,False
6943,True
6944,True
6945,True
6947,False
6950,True
6951,False
6952,True
6953,False
6955,True
6956,False
6958,True
6960,True
6961,False
6963,False
6965,False
6967,False
6969,True
6970,True
6972,True
6973,True
6974,True
6975,True
6979,False
6980,False
6982,False
6983,False
6984,False
6985,True
6986,True
6988,True
6989,True
6990,True
6991,False
6992,False
6993,False
6994,True
6995,True
6996,True
6997,True
6999,True
7000,True
7001,False
7003,True
7004,False
7005,True
7006,True
7008,False
7009,True
7010,False
7013,True
7014,False
7015,False
7016,True
7017,False
7018,True
7019,True
7020,True
7022,False
7023,True
7025,True
7026,False
7027,False
7028,True
7029,False
7030,False
7031,True
7032,True
7034,False
7035,False
7038,False
7041,False
7042,True
7043,False
7044,False
7045,False
7046,False
7047,True
7048,True
7049,True
7050,False
7051,True
7052,True
7053,True
7055,True
7056,True
7057,False
7058,True
7059,True
7060,False
7062,False
7063,False
7064,False
7066,True
7067,True
7068,True
7069,False
7070,False
7072,False
7073,True
7074,True
7076,False
7077,True
7078,False
7079,False
7080,False
7081,False
7082,False
7083,False
7084,True
7085,True
7087,False
7088,False
7089,True
7090,True
7091,True
7093,True
7095,True
7097,True
7098,True
7099,True
7100,True
7101,True
7102,False
7103,True
7104,True
7105,True
7106,True
7107,True
7108,False
7109,False
7110,True
7112,False
7113,True
7114,True
7115,False
7116,True
7117,True
7118,True
7119,True
7121,True
7122,False
7123,False
7124,True
7125,False
7126,False
7127,True
7128,True
7129,False
7130,False
7131,False
7132,False
7135,True
7137,True
7138,True
7139,False
7140,True
7141,True
7142,True
7143,False
7144,True
7145,False
7146,True
7147,True
7148,False
7149,True
7150,True
7151,False
7152,True
7153,False
7154,True
7155,True
7157,True
7158,True
7160,True
7161,False
7162,False
7163,False
7164,False
7166,False
7167,False
7168,False
7169,True
7170,True
7171,False
7172,False
7175,True
7176,False
7177,True
7178,True
7180,False
7181,False
7183,True
7184,True
7185,True
7186,False
7187,False
7188,True
7192,False
7193,False
7195,True
7197,True
7198,True
7199,False
7200,False
7201,True
7202,False
7203,True
7204,False
7205,True
7206,True
7207,False
7208,True
7209,False
7210,True
7211,True
7212,False
7213,True
7214,False
7215,False
7216,False
7217,True
7218,True
7219,False
7220,False
7221,True
7224,False
7225,False
7226,True
7227,False
7228,True
7229,False
7231,True
7232,True
7233,True
7234,True
7235,False
7236,True
7237,True
7239,False
7240,True
7241,True
7242,False
7243,False
7244,False
7246,True
7247,True
7248,False
7250,True
7251,False
7252,False
7253,True
7254,False
7255,False
7256,True
7257,True
7258,False
7259,False
7262,False
7265,False
7266,True
7267,False
7269,False
7272,False
7273,False
7274,True
7275,False
7276,False
7281,False
7282,False
7283,True
7285,False
7286,True
7288,False
7289,False
7290,True
7291,True
7292,True
7295,False
7296,False
7297,False
7298,True
7299,False
7300,False
7301,True
7302,True
7303,False
7304,False
7305,False
7306,False
7307,True
7309,True
7310,False
7312,True
7313,False
7314,False
7315,True
7316,False
7318,False
7319,True
7321,False
7322,False
7323,False
7326,True
7327,True
7328,True
7329,True
7330,True
7331,False
7332,False
7333,True
7335,False
7336,False
7337,False
7338,True
7339,True
7341,True
7342,True
7343,False
7344,False
7345,False
7347,False
7348,True
7349,True
7350,False
7351,True
7352,False
7353,True
7354,True
7355,False
7356,True
7357,True
7359,True
7360,True
7361,False
7363,False
7364,False
7365,True
7366,True
7368,True
7369,False
7370,False
7371,False
7373,True
7374,False
7377,True
7378,True
7381,False
7382,False
7383,True
7384,False
7385,True
7386,False
7387,True
7388,False
7389,False
7391,False
7393,True
7394,False
7397,False
7398,True
7399,False
7400,False
7401,False
7402,True
7403,True
7404,False
7405,True
7406,True
7407,True
7408,False
7412,True
7413,True
7415,False
7416,False
7417,False
7418,True
7419,True
7421,False
7423,True
7424,True
7425,True
7428,False
7430,True
7431,False
7432,False
7433,False
7434,True
7436,True
7437,True
7438,True
7439,True
7441,False
7442,False
7443,True
7444,False
7445,True
7446,True
7447,True
7448,False
7450,False
7451,True
7453,True
7454,True
7455,True
7456,False
7457,True
7458,False
7459,False
7460,False
7461,True
7462,True
7463,True
7464,False
7465,True
7466,True
7468,False
7469,True
7470,False
7471,False
7472,True
7473,False
7474,False
7475,True
7476,True
7477,False
7478,True
7479,True
7480,False
7481,False
7482,False
7484,True
7485,True
7487,False
7489,True
7490,False
7491,False
7492,False
7494,True
7496,True
7498,True
7499,True
7500,True
7501,False
7502,False
7504,True
7505,False
7506,False
7507,False
7509,False
7510,False
7511,True
7512,True
7513,True
7514,False
7516,False
7517,True
7520,True
7521,False
7522,True
7524,False
7525,True
7526,True
7527,True
7528,False
7529,False
7531,False
7532,False
7534,True
7535,True
7536,False
7537,True
7538,False
7542,True
7543,False
7545,True
7546,False
7547,True
7549,False
7550,True
7552,False
7553,True
7555,True
7556,False
7557,False
7558,False
7559,True
7560,False
7561,False
7562,False
7563,True
7564,True
7565,False
7566,True
7567,False
7569,False
7570,False
7573,True
7576,True
7577,False
7578,False
7579,False
7580,True
7582,True
7583,False
7584,False
7585,False
7586,False
7587,False
7588,False
7589,True
7590,False
7591,True
7592,True
7593,False
7594,False
7595,False
7596,True
7597,True
7598,True
7599,True
7600,True
7601,False
7602,True
7603,True
7604,False
7606,False
7607,True
7608,False
7609,False
7611,True
7612,False
7613,False
7614,False
7615,False
7616,True
7617,False
7618,False
7619,True
7620,True
7621,True
7622,False
7624,False
7625,False
7626,False
7628,True
7630,False
7631,False
7633,False
7635,True
7636,True
7637,False
7638,True
7639,True
7640,False
7642,True
7643,False
7644,True
7645,True
7647,False
7648,False
7649,True
7650,False
7651,False
7652,True
7653,False
7654,False
7655,True
7657,True
7659,True
7660,False
7661,True
7663,True
7664,False
7665,False
7667,True
7668,True
7669,True
7670,False
7672,False
7673,False
7674,True
7675,True
7676,False
7677,True
7679,True
7680,True
7681,False
7682,True
7683,False
7685,True
7686,True
7687,True
7688,True
7689,True
7690,True
7691,False
7692,False
7693,False
7694,False
7695,False
7696,False
7697,False
7698,False
7699,False
7700,True
7701,False
7702,False
7703,True
7704,False
7705,False
7709,False
7711,False
7712,False
7715,True
7716,True
7717,False
7718,True
7719,False
7720,True
7721,False
7722,True
7723,True
7724,False
7725,True
7726,True
7727,True
7728,True
7730,False
7731,True
7733,True
7734,True
7736,True
7738,False
7739,False
7741,False
7742,False
7743,True
7744,True
7745,True
7746,False
7748,True
7750,False
7751,True
7752,False
7753,False
7754,True
7755,True
7757,True
7758,True
7759,True
7760,False
7761,False
7763,False
7764,False
7765,False
7766,True
7767,False
7768,False
7769,True
7771,True
7772,False
7775,True
7776,False
7778,False
7779,False
7780,False
7781,True
7782,False
7783,True
7784,False
7785,True
7786,True
7787,False
7791,False
7793,True
7794,False
7795,False
7797,True
7798,True
7799,False
7802,True
7803,True
7804,False
7805,True
7807,True
7808,False
7809,False
7810,True
7811,False
7813,True
7816,True
7817,True
7818,True
7819,True
7820,True
7821,False
7823,True
7824,False
7825,False
7826,False
7827,True
7828,False
7829,False
7830,False
7831,False
7832,True
7833,True
7835,True
7836,False
7837,False
7838,False
7840,True
7841,False
7842,False
7843,False
7844,False
7845,True
7846,True
7848,True
7849,True
7851,True
7852,True
7854,False
7855,False
7856,False
7857,True
7858,False
7859,True
7860,True
7861,False
7862,True
7863,True
7864,False
7865,True
7866,False
7867,False
7868,True
7869,False
7870,True
7872,False
7873,True
7875,False
7876,True
7877,False
7878,False
7879,False
7881,False
7882,True
7883,False
7884,True
7885,False
7886,True
7887,True
7888,True
7889,False
7890,True
7892,False
7893,True
7894,True
7895,True
7896,True
7897,True
7898,False
7899,False
7900,True
7901,False
7902,False
7903,True
7904,False
7905,True
7906,False
7907,True
7909,False
7910,False
7912,False
7913,False
7914,True
7915,False
7917,False
7918,False
7919,True
7920,False
7921,True
7922,True
7925,True
7926,True
7927,False
7929,True
7930,True
7931,False
7932,False
7934,True
7935,True
7936,True
7937,False
7938,True
7939,True
7940,True
7941,False
7942,False
7943,True
7946,False
7948,False
7949,True
7950,False
7952,False
7953,False
7954,True
7955,False
7958,False
7959,False
7960,True
7961,False
7962,False
7963,False
7964,False
7965,True
7967,False
7968,False
7969,True
7970,True
7971,True
7972,True
7973,False
7974,True
7975,True
7976,True
7978,False
7979,True
7980,False
7981,False
7982,False
7984,True
7985,True
7987,True
7988,False
7990,True
7991,False
7992,True
7993,True
7994,False
7995,False
7996,False
7998,True
7999,False
8000,False
8001,False
8002,True
8003,True
8004,True
8005,True
8007,True
8009,False
8010,False
8015,True
8016,False
8018,False
8019,True
8020,False
8021,False
8022,False
8023,True
8024,False
8025,True
8026,False
8028,True
8029,True
8030,True
8031,True
8032,False
8033,True
8034,True
8035,False
8036,True
8037,False
8038,False
8040,False
8042,False
8043,False
8044,True
8045,False
8047,False
8048,False
8049,True
8051,True
8053,False
8054,True
8055,True
8056,False
8057,False
8059,True
8060,False
8061,True
8062,False
8063,False
8064,False
8065,False
8066,True
8067,True
8068,False
8069,True
8070,False
8071,True
8072,True
8073,False
8074,False
8075,False
8076,True
8077,True
8078,True
8079,False
8080,True
8081,False
8082,True
8084,False
8086,True
8087,False
8088,False
8089,False
8090,False
8091,False
8092,True
8093,True
8094,False
8096,False
8099,False
8100,True
8101,False
8102,False
8103,True
8106,False
8107,True
8108,True
8109,False
8110,False
8111,True
8112,True
8113,False
8114,False
8115,False
8118,False
8119,False
8122,True
8123,False
8124,False
8125,False
8126,False
8128,True
8129,True
8130,False
8131,False
8132,False
8133,False
8135,False
8136,False
8137,False
8138,True
8139,False
8141,True
8142,False
8144,False
8147,False
8148,True
8150,True
8151,True
8152,False
8154,False
8155,False
8156,False
8157,False
8158,False
8159,False
8160,False
8161,False
8163,True
8164,True
8165,False
8166,False
8168,True
8169,True
8170,True
8171,True
8172,False
8173,True
8175,False
8176,False
8177,True
8178,True
8179,False
8180,True
8182,False
8183,True
8184,True
8186,False
8187,False
8190,True
8192,True
8193,True
8194,False
8195,False
8196,True
8197,True
8198,False
8199,True
8200,True
8201,False
8203,False
8204,False
8205,True
8206,True
8207,True
8208,False
8209,False
8210,True
8211,False
8212,True
8213,False
8214,True
8215,False
8216,True
8217,False
8218,False
8219,False
8220,False
8221,False
8224,True
8225,True
8227,False
8228,True
8229,False
8230,True
8231,True
8232,False
8233,True
8234,False
8235,True
8236,False
8237,False
8238,False
8239,True
8241,False
8242,True
8243,True
8244,True
8245,False
8247,False
8248,False
8250,False
8251,True
8252,True
8254,True
8255,False
8256,False
8259,False
8260,True
8261,False
8262,False
8263,False
8264,True
8265,False
8266,True
8268,True
8270,True
8271,True
8272,False
8274,True
8275,True
8276,True
8277,True
8278,False
8279,True
8280,True
8281,True
8282,True
8283,True
8285,True
8287,True
8288,False
8289,True
8290,True
8292,True
8293,False
8294,False
8295,False
8296,True
8298,False
8299,True
8300,True
8301,False
8302,True
8303,True
8304,True
8305,True
8306,False
8307,True
8308,True
8309,False
8310,False
8311,True
8313,True
8314,False
8315,False
8316,False
8318,True
8319,True
8322,True
8323,False
8324,True
8326,True
8327,True
8328,False
8329,False
8330,True
8331,False
8332,True
8335,False
8338,True
8340,True
8341,False
8342,False
8343,False
8345,False
8347,False
8348,False
8349,False
8350,False
8351,True
8353,False
8354,False
8356,False
8358,True
8359,True
8360,False
8361,False
8362,True
8363,True
8366,True
8367,False
8369,False
8370,False
8371,False
8372,False
8374,False
8375,False
8377,False
8378,True
8381,True
8383,False
8385,False
8386,False
8387,True
8388,True
8389,False
8390,False
8392,False
8394,False
8395,False
8397,False
8398,False
8400,True
8402,False
8403,False
8404,False
8405,True
8406,True
8407,False
8408,False
8409,False
8410,False
8411,True
8412,True
8413,False
8414,False
8415,False
8416,True
8418,False
8419,True
8420,True
8422,False
8423,False
8424,False
8427,False
8428,True
8429,True
8430,False
8432,False
8433,False
8434,True
8435,False
8436,True
8438,True
8440,True
8441,False
8442,False
8443,True
8444,False
8445,False
8447,True
8448,False
8449,False
8450,False
8451,False
8452,False
8453,False
8454,True
8455,True
8457,True
8458,False
8459,False
8461,False
8462,False
8463,False
8466,False
8467,False
8468,True
8469,True
8470,True
8471,False
8473,True
8474,False
8475,False
8476,True
8477,False
8478,False
8479,False
8481,True
8482,True
8484,True
8485,True
8487,False
8488,False
8489,True
8490,False
8491,False
8492,True
8493,True
8494,True
8495,False
8497,False
8498,True
8499,False
8500,False
8501,True
8502,False
8503,False
8504,False
8506,True
8507,False
8509,True
8510,True
8511,False
8512,False
8514,False
8515,True
8516,True
8517,True
8518,False
8519,False
8520,False
8521,False
8523,False
8524,True
8526,False
8527,False
8529,False
8530,False
8531,True
8532,True
8533,False
8534,False
8535,False
8536,False
8538,False
8539,False
8541,True
8542,True
8543,False
8544,True
8545,True
8546,True
8547,False
8548,False
8549,True
8550,True
8551,True
8552,False
8553,False
8555,True
8556,False
8557,False
8558,False
8559,False
8560,True
8561,True
8563,False
8564,False
8565,True
8566,True
8567,True
8568,False
8569,True
8570,False
8572,True
8573,False
8574,True
8575,False
8576,False
8577,True
8579,False
8580,False
8581,True
8585,False
8586,True
8588,True
8589,True
8590,False
8593,True
8595,True
8596,True
8597,False
8598,True
8599,True
8600,True
8602,True
8603,False
8605,True
8606,True
8607,True
8608,False
8609,True
8610,False
8611,True
8615,False
8616,False
8618,False
8619,True
8620,True
8621,True
8623,True
8624,True
8625,True
8626,False
8628,False
8629,True
8630,False
8631,False
8632,False
8633,True
8634,True
8639,True
8640,True
8641,True
8642,True
8643,False
8644,True
8647,False
8648,True
8649,True
8650,True
8651,True
8652,True
8653,True
8654,False
8656,True
8657,False
8659,False
8660,False
8661,True
8662,False
8663,True
